state_code,1900,1901,1902,1903,1904,1905,1906,1907,1908,1909,1910,1911,1912,1913,1914,1915,1916,1917,1918,1919,1920,1921,1922,1923,1924,1925,1926,1927,1928,1929,1930,1931,1932,1933,1934,1935,1936,1937,1938,1939,1940,1941,1942,1943,1944,1945,1946,1947,1948,1949,1950,1951,1952,1953,1954,1955,1956,1957,1958,1959,1960,1961,1962,1963,1964,1965,1966,1967,1968,1969,1970,1971,1972,1973,1974,1975,1976,1977,1978,1979,1980,1981,1982,1983,1984,1985,1986,1987,1988,1989,1990,1991,1992,1993,1994,1995,1996,1997,1998,1999,2000,2001,2002,2003,2004,2005,2006,2007,2008,2009,2010,2011,2012,2013,2014,2015
AL,1830000,1907000,1935000,1957000,1978000,2012000,2045000,2058000,2070000,2108000,2150000,2185000,2217000,2279000,2336000,2345000,2359000,2361000,2343000,2337000,2359000,2402000,2434000,2464000,2501000,2534000,2567000,2609000,2640000,2644000,2647000,2649000,2653000,2661000,2685000,2719000,2743000,2762000,2787000,2814000,2845000,2902000,2941000,2902000,2802000,2775000,2911000,2942000,2969000,3000000,3058000,3059000,3068000,3053000,3014000,3050000,3071000,3109000,3163000,3204000,3274000,3316000,3323000,3358000,3395000,3443000,3464000,3458000,3446000,3440000,3444354,3497076,3539400,3579780,3626499,3678814,3735139,3780403,3831836,3866248,3900368,3918531,3925266,3934102,3951820,3972523,3991569,4015264,4023844,4030222,4048508,4091025,4139269,4193114,4232965,4262731,4290403,4320281,4351037,4369862,4452173,4467634,4480089,4503491,4530729,4569805,4628981,4672840,4718206,4757938,4785822,4801695,4817484,4833996,4849377,4858979
AK,NA,NA,NA,NA,NA,NA,NA,NA,NA,NA,NA,NA,NA,NA,NA,NA,NA,NA,NA,NA,NA,NA,NA,NA,NA,NA,NA,NA,NA,NA,NA,NA,NA,NA,NA,NA,NA,NA,NA,NA,NA,NA,NA,NA,NA,NA,NA,NA,NA,NA,135000,158000,189000,205000,215000,222000,224000,231000,224000,224000,229000,238000,246000,256000,263000,271000,271000,278000,285000,296000,302583,315510,324464,330543,341063,376170,400969,403436,404766,402753,405315,418491,449606,488417,513702,532495,544268,539309,541983,547159,553120,569273,587073,596993,600624,601345,604918,608846,615205,619500,627963,633714,642337,648414,659286,666946,675302,680300,687455,698895,713856,722572,731081,737259,736732,738432
AZ,124000,131000,138000,144000,151000,158000,167000,176000,186000,196000,206000,212000,217000,236000,253000,263000,282000,311000,320000,329000,340000,351000,360000,371000,382000,393000,403000,414000,422000,430000,434000,429000,426000,426000,428000,434000,443000,453000,466000,484000,499000,490000,524000,692000,610000,594000,616000,653000,690000,714000,756000,785000,842000,894000,933000,987000,1053000,1125000,1193000,1261000,1321000,1407000,1471000,1521000,1556000,1584000,1614000,1646000,1682000,1737000,1775399,1895814,2008291,2124438,2223196,2284847,2346157,2425197,2515316,2635571,2737774,2810107,2889861,2968925,3067135,3183538,3308262,3437103,3535183,3622185,3679056,3762394,3867333,3993390,4147561,4306908,4432308,4552207,4667277,4778332,5160586,5273477,5396255,5510364,5652404,5839077,6029141,6167681,6280362,6343154,6411999,6472867,6556236,6634997,6731484,6828065
AR,1314000,1341000,1360000,1384000,1419000,1447000,1465000,1484000,1513000,1545000,1583000,1610000,1636000,1664000,1688000,1702000,1719000,1737000,1749000,1742000,1756000,1769000,1772000,1784000,1800000,1812000,1826000,1840000,1847000,1852000,1859000,1848000,1836000,1854000,1878000,1890000,1892000,1903000,1928000,1948000,1955000,1969000,1977000,1843000,1768000,1762000,1797000,1836000,1825000,1844000,1908000,1901000,1838000,1780000,1734000,1725000,1704000,1733000,1726000,1756000,1789000,1806000,1853000,1875000,1897000,1894000,1899000,1901000,1902000,1913000,1923322,1972312,2018638,2059256,2101403,2159526,2170161,2209010,2243127,2271333,2288738,2293201,2294257,2305761,2319768,2327046,2331984,2342355,2342656,2346358,2354343,2370666,2394098,2423743,2450605,2480121,2504858,2524007,2538202,2551373,2678588,2691571,2705927,2724816,2749686,2781097,2821761,2848650,2874554,2896843,2922297,2938430,2949300,2958765,2966369,2978204
CA,1490000,1550000,1623000,1702000,1792000,1893000,1976000,2054000,2161000,2282000,2406000,2534000,2668000,2811000,2934000,3008000,3071000,3171000,3262000,3339000,3554000,3795000,3991000,4270000,4541000,4730000,4929000,5147000,5344000,5531000,5711000,5824000,5894000,5963000,6060000,6175000,6341000,6528000,6656000,6785000,6950000,7237000,7735000,8506000,8945000,9344000,9559000,9832000,10064000,10337000,10677000,11134000,11635000,12251000,12746000,13133000,13713000,14264000,14880000,15467000,15870000,16497000,17072000,17668000,18151000,18585000,18858000,19176000,19394000,19711000,19971069,20345939,20585469,20868728,21173865,21537849,21935909,22352396,22835958,23256880,23800800,24285933,24820009,25360026,25844393,26441109,27102237,27777158,28464249,29218164,29950111,30414114,30875920,31147208,31317179,31493525,31780829,32217708,32682794,33145121,33987977,34479458,34871843,35253159,35574576,35827943,36021202,36250311,36604337,36961229,37336011,37701901,38062780,38431393,38802500,39144818
CO,543000,581000,621000,652000,659000,680000,707000,733000,757000,775000,804000,821000,832000,835000,846000,868000,892000,910000,906000,938000,937000,961000,965000,984000,1014000,1019000,1016000,1028000,1014000,1008000,1040000,1056000,1066000,1071000,1075000,1078000,1090000,1104000,1112000,1120000,1130000,1124000,1113000,1153000,1137000,1116000,1203000,1237000,1263000,1295000,1325000,1326000,1365000,1431000,1493000,1546000,1625000,1664000,1667000,1710000,1769000,1844000,1899000,1936000,1970000,1985000,2007000,2053000,2120000,2166000,2209596,2303524,2404619,2495868,2541406,2586192,2632306,2696140,2766748,2849234,2908803,2977898,3061564,3133630,3169992,3208723,3237450,3260480,3262281,3275818,3303862,3367567,3459995,3560884,3653910,3738061,3812716,3891293,3968967,4056133,4326921,4425687,4490406,4528732,4575013,4631888,4720423,4803868,4889730,4972195,5048575,5119661,5191709,5272086,5355866,5456574
CT,910000,931000,952000,972000,987000,1010000,1033000,1057000,1077000,1097000,1122000,1149000,1176000,1208000,1233000,1258000,1294000,1327000,1329000,1359000,1391000,1415000,1431000,1455000,1481000,1506000,1531000,1557000,1577000,1594000,1613000,1628000,1637000,1642000,1650000,1666000,1672000,1678000,1684000,1696000,1708000,1746000,1792000,1792000,1778000,1769000,1906000,1967000,2014000,2032000,2016000,2028000,2081000,2168000,2249000,2300000,2316000,2359000,2446000,2523000,2544000,2586000,2647000,2727000,2798000,2857000,2903000,2935000,2964000,3000000,3032217,3060938,3068699,3067814,3074047,3082500,3083335,3085722,3091627,3095917,3113174,3128836,3139013,3162354,3180014,3201131,3223740,3247291,3271953,3283403,3289056,3288640,3274997,3272325,3268346,3265293,3267030,3268514,3272563,3282031,3411777,3432835,3458749,3484336,3496094,3506956,3517460,3527270,3545579,3561807,3579345,3590537,3594362,3599341,3596677,3590886
DE,185000,187000,188000,190000,192000,194000,196000,197000,199000,201000,203000,207000,209000,213000,216000,217000,219000,222000,220000,221000,219000,216000,214000,215000,219000,222000,225000,229000,233000,236000,239000,242000,245000,248000,250000,252000,253000,254000,257000,263000,269000,275000,279000,282000,285000,286000,299000,305000,312000,316000,321000,331000,341000,351000,368000,389000,408000,426000,433000,441000,449000,461000,469000,483000,497000,507000,516000,525000,534000,540000,548104,564708,572913,577759,581418,586589,590166,591829,594776,594984,594919,595975,599148,605458,611565,618280,627559,636947,647622,658273,669063,680495,690158,699475,708416,718265,727090,735024,744066,753538,786373,795699,806169,818003,830803,845150,859268,871749,883874,891730,899731,907829,916881,925240,935614,945934
FL,530000,544000,565000,587000,599000,615000,628000,645000,684000,724000,756000,773000,801000,828000,871000,922000,924000,895000,865000,898000,962000,997000,1044000,1097000,1160000,1264000,1368000,1418000,1433000,1445000,1471000,1493000,1521000,1552000,1585000,1613000,1651000,1709000,1771000,1836000,1915000,2017000,2151000,2451000,2420000,2465000,2440000,2528000,2578000,2668000,2810000,2980000,3157000,3310000,3505000,3747000,4047000,4372000,4630000,4808000,5004000,5243000,5458000,5628000,5781000,5954000,6104000,6242000,6433000,6641000,6791418,7158304,7511463,7913696,8298762,8518422,8667379,8856183,9102032,9426159,9839835,10192774,10471407,10749851,11039925,11351118,11667505,11997283,12306395,12637715,13018365,13289497,13504775,13713593,13961798,14185403,14426911,14683350,14908230,15111244,16047515,16356966,16689370,17004085,17415318,17842038,18166990,18367842,18527305,18652644,18852220,19107900,19355257,19600311,19893297,20271272
GA,2220000,2263000,2305000,2346000,2387000,2427000,2466000,2505000,2543000,2580000,2618000,2644000,2676000,2733000,2776000,2810000,2856000,2885000,2941000,2870000,2926000,2965000,2965000,2954000,2920000,2883000,2869000,2891000,2903000,2903000,2910000,2924000,2935000,2950000,2964000,2955000,2978000,3037000,3091000,3120000,3119000,3179000,3209000,3245000,3176000,3119000,3242000,3272000,3259000,3325000,3458000,3531000,3584000,3558000,3602000,3636000,3701000,3766000,3804000,3868000,3956000,4015000,4086000,4172000,4258000,4332000,4379000,4408000,4482000,4551000,4587930,4711550,4809490,4910374,4999419,5064075,5132812,5219697,5295751,5401384,5486174,5568345,5649792,5728250,5834954,5962661,6084666,6208467,6316142,6411099,6506531,6621279,6759474,6894092,7045900,7188538,7332225,7486094,7636522,7788240,8227303,8377038,8508256,8622793,8769252,8925922,9155813,9349988,9504843,9620846,9714464,9813201,9919000,9994759,10097343,10214860
HI,NA,NA,NA,NA,NA,NA,NA,NA,NA,NA,NA,NA,NA,NA,NA,NA,NA,NA,NA,NA,NA,NA,NA,NA,NA,NA,NA,NA,NA,NA,NA,NA,NA,NA,NA,NA,NA,NA,NA,NA,NA,NA,NA,NA,NA,NA,NA,NA,NA,NA,498000,514000,517000,510000,505000,539000,559000,584000,605000,622000,642000,659000,684000,682000,700000,704000,710000,723000,734000,750000,769913,801644,828331,851595,867978,886160,904191,918259,931584,953306,967710,978195,993780,1012717,1027922,1039698,1051762,1067918,1079828,1094588,1112703,1131412,1149926,1161508,1173903,1180490,1184434,1189322,1190472,1185497,1213519,1225948,1239613,1251154,1273569,1292729,1309731,1315675,1332213,1346717,1363950,1378251,1392766,1408987,1419561,1431603
ID,163000,176000,199000,216000,229000,246000,262000,277000,291000,311000,329000,343000,359000,371000,384000,394000,405000,413000,405000,424000,433000,435000,436000,436000,434000,436000,441000,447000,449000,447000,447000,454000,459000,464000,473000,481000,495000,507000,513000,521000,522000,501000,478000,500000,529000,507000,509000,522000,551000,570000,590000,589000,587000,596000,600000,618000,628000,642000,646000,657000,671000,684000,692000,683000,680000,686000,689000,688000,695000,707000,713015,738753,763237,782074,807990,831982,856983,883469,910690,932627,947983,962204,973721,981869,990839,994051,990224,984997,985664,994416,1011882,1038915,1066490,1101204,1135459,1165000,1187706,1210638,1230923,1251700,1299430,1319962,1340372,1363380,1391802,1428241,1468669,1505105,1534320,1554439,1570639,1583780,1595590,1612843,1634464,1654930
IL,4828000,4914000,4992000,5071000,5161000,5241000,5309000,5384000,5474000,5567000,5668000,5757000,5828000,5961000,6109000,6194000,6274000,6313000,6275000,6392000,6663000,6858000,6958000,7068000,7215000,7306000,7395000,7519000,7576000,7606000,7644000,7687000,7736000,7768000,7772000,7797000,7840000,7857000,7866000,7890000,7905000,7995000,8057000,7761000,7719000,7601000,8155000,8341000,8552000,8670000,8738000,8790000,8956000,9065000,9252000,9435000,9530000,9668000,9886000,9986000,10086000,10130000,10280000,10402000,10580000,10693000,10836000,10947000,10995000,11039000,11110285,11202397,11251948,11251367,11262145,11291743,11342853,11386316,11412561,11396837,11434702,11443458,11423412,11408818,11412132,11399806,11387257,11391178,11390183,11409782,11446979,11535973,11635197,11725984,11804986,11884935,11953003,12011509,12069774,12128370,12434161,12488445,12525556,12556006,12589773,12609903,12643955,12695866,12747038,12796778,12840097,12858725,12873763,12890552,12880580,12859995
IN,2518000,2541000,2567000,2594000,2614000,2635000,2663000,2679000,2677000,2678000,2713000,2751000,2785000,2824000,2857000,2873000,2897000,2910000,2880000,2906000,2947000,2976000,2965000,3042000,3086000,3119000,3148000,3191000,3212000,3226000,3242000,3257000,3281000,3304000,3319000,3332000,3348000,3374000,3386000,3403000,3433000,3483000,3507000,3449000,3440000,3427000,3702000,3779000,3877000,3958000,3967000,4096000,4148000,4182000,4264000,4363000,4458000,4529000,4583000,4613000,4674000,4730000,4736000,4799000,4856000,4922000,4999000,5053000,5093000,5143000,5195392,5253396,5302435,5338277,5361890,5365766,5389088,5425638,5470214,5501174,5490721,5480435,5467922,5450395,5458322,5459211,5454108,5473012,5491735,5523693,5555097,5602062,5648649,5701965,5745626,5791819,5834908,5872370,5907617,5942901,6091866,6127760,6155967,6196638,6233007,6278616,6332669,6379599,6424806,6459325,6490308,6516560,6537632,6570713,6596855,6619680
IA,2231000,2227000,2222000,2217000,2212000,2211000,2214000,2217000,2220000,2223000,2228000,2249000,2279000,2305000,2338000,2366000,2376000,2382000,2351000,2379000,2400000,2407000,2428000,2425000,2420000,2427000,2432000,2441000,2450000,2460000,2475000,2482000,2489000,2495000,2510000,2524000,2509000,2498000,2494000,2520000,2537000,2491000,2439000,2334000,2301000,2308000,2467000,2509000,2543000,2578000,2625000,2617000,2626000,2629000,2626000,2679000,2703000,2716000,2708000,2729000,2756000,2756000,2750000,2747000,2746000,2742000,2762000,2793000,2803000,2805000,2825368,2851705,2860287,2863715,2867530,2880847,2903082,2913573,2918069,2915739,2914018,2907983,2888189,2870543,2858618,2829684,2791970,2767011,2768388,2770592,2779769,2791227,2806923,2820525,2829422,2840860,2848473,2854396,2861025,2869413,2929067,2931997,2934234,2941999,2953635,2964454,2982644,2999212,3016734,3032870,3050295,3064904,3075935,3092341,3107126,3123899
KS,1473000,1490000,1505000,1498000,1527000,1555000,1576000,1612000,1629000,1658000,1692000,1684000,1671000,1663000,1662000,1687000,1727000,1748000,1729000,1756000,1769000,1779000,1799000,1808000,1807000,1825000,1836000,1836000,1850000,1867000,1883000,1881000,1883000,1877000,1868000,1872000,1869000,1856000,1842000,1824000,1788000,1765000,1760000,1796000,1779000,1731000,1805000,1853000,1892000,1925000,1916000,1950000,1977000,1994000,2042000,2093000,2119000,2128000,2142000,2160000,2183000,2215000,2231000,2217000,2209000,2206000,2200000,2197000,2216000,2236000,2249071,2246600,2256375,2265603,2269499,2280578,2301001,2320647,2335657,2350906,2369039,2384849,2401202,2415531,2424086,2427405,2432619,2445367,2461996,2472849,2480683,2495209,2526042,2547605,2569118,2586942,2598266,2616339,2638667,2654052,2693681,2702162,2713535,2723004,2734373,2745299,2762931,2783785,2808076,2832704,2858949,2869965,2885966,2895801,2904021,2911641
KY,2148000,2162000,2177000,2191000,2205000,2220000,2234000,2249000,2263000,2278000,2299000,2324000,2347000,2374000,2395000,2401000,2411000,2421000,2425000,2413000,2421000,2436000,2450000,2480000,2531000,2520000,2545000,2551000,2567000,2606000,2623000,2652000,2676000,2698000,2722000,2748000,2768000,2784000,2800000,2825000,2859000,2824000,2797000,2693000,2631000,2597000,2761000,2803000,2817000,2849000,2936000,2941000,2920000,2903000,2902000,2910000,2898000,2928000,2961000,2999000,3041000,3054000,3079000,3096000,3129000,3140000,3147000,3172000,3195000,3198000,3220711,3298053,3335728,3371024,3416315,3467769,3529257,3573693,3609976,3641804,3664221,3670394,3683445,3694484,3695453,3694826,3687809,3683329,3679999,3677306,3692584,3714686,3756358,3792288,3823215,3855248,3881051,3907816,3934310,3960825,4049021,4068132,4089875,4117170,4146101,4182742,4219239,4256672,4289878,4317074,4349838,4370038,4383465,4399583,4413457,4425092
LA,1384000,1412000,1440000,1467000,1495000,1523000,1551000,1579000,1607000,1634000,1667000,1695000,1709000,1727000,1740000,1755000,1799000,1795000,1746000,1756000,1813000,1847000,1871000,1903000,1939000,1972000,2005000,2039000,2064000,2086000,2105000,2124000,2155000,2178000,2202000,2228000,2246000,2257000,2285000,2334000,2370000,2484000,2546000,2565000,2508000,2429000,2556000,2579000,2596000,2634000,2697000,2769000,2842000,2866000,2883000,2946000,3032000,3115000,3155000,3208000,3260000,3287000,3345000,3377000,3446000,3496000,3550000,3581000,3603000,3619000,3644637,3710487,3761646,3788375,3820109,3886104,3950605,4014459,4068579,4137665,4223101,4283303,4352608,4395316,4400477,4408118,4406919,4344148,4288863,4252894,4219179,4240950,4270849,4284749,4306500,4327978,4338763,4351390,4362758,4372035,4471885,4477875,4497267,4521042,4552238,4576628,4302665,4375581,4435586,4491648,4545581,4575972,4604744,4629284,4649676,4670724
ME,695000,699000,703000,709000,719000,723000,729000,731000,735000,740000,745000,751000,753000,763000,772000,774000,775000,777000,760000,762000,771000,775000,778000,781000,788000,792000,793000,796000,797000,797000,800000,807000,815000,821000,829000,836000,840000,842000,843000,846000,849000,852000,839000,806000,801000,800000,832000,854000,878000,903000,917000,916000,915000,913000,927000,934000,938000,943000,944000,957000,975000,995000,994000,993000,993000,997000,999000,1004000,994000,992000,993722,1015390,1034292,1045655,1059040,1071995,1088412,1103578,1113566,1122563,1126860,1133033,1136684,1144772,1155635,1162936,1170126,1184574,1203840,1219961,1231296,1235439,1235748,1238256,1237687,1237438,1241436,1245215,1247554,1253040,1277072,1285692,1295960,1306513,1313688,1318787,1323619,1327040,1330509,1329590,1327361,1327930,1328592,1328702,1330089,1329328
MD,1189000,1200000,1210000,1209000,1217000,1237000,1251000,1257000,1269000,1289000,1302000,1324000,1345000,1368000,1389000,1401000,1415000,1428000,1467000,1445000,1464000,1492000,1509000,1521000,1537000,1556000,1576000,1599000,1610000,1621000,1636000,1657000,1678000,1694000,1710000,1729000,1745000,1754000,1766000,1793000,1839000,1913000,1998000,2089000,2118000,2096000,2214000,2248000,2271000,2329000,2355000,2441000,2500000,2567000,2685000,2742000,2811000,2873000,2982000,3066000,3113000,3176000,3263000,3386000,3492000,3600000,3695000,3757000,3815000,3868000,3923897,4018324,4073499,4097974,4118815,4139096,4150539,4169595,4183603,4191160,4227643,4261905,4282923,4313327,4365243,4413071,4486957,4565557,4657904,4727301,4797431,4856176,4902545,4942504,4985411,5023650,5057142,5092914,5130072,5171634,5311034,5374691,5440389,5496269,5546935,5592379,5627367,5653408,5684965,5730388,5788101,5843833,5891819,5938737,5976407,6006401
MA,2788000,2794000,2856000,2924000,2969000,3018000,3107000,3183000,3251000,3316000,3365000,3383000,3440000,3534000,3636000,3705000,3726000,3738000,3695000,3785000,3882000,3951000,4010000,4057000,4102000,4154000,4194000,4223000,4217000,4229000,4250000,4248000,4259000,4282000,4305000,4343000,4355000,4358000,4365000,4347000,4318000,4389000,4370000,4257000,4192000,4201000,4494000,4580000,4674000,4741000,4686000,4654000,4650000,4806000,4910000,4882000,4891000,4929000,5010000,5117000,5160000,5219000,5263000,5344000,5448000,5502000,5535000,5594000,5618000,5650000,5689170,5737580,5760302,5781172,5773548,5757756,5743672,5738199,5736469,5738404,5746075,5768685,5771222,5799407,5840773,5880733,5902678,5935204,5979982,6015478,6018664,5998652,5993474,6010884,6031352,6062335,6085393,6115476,6144407,6175169,6361104,6397634,6417206,6422565,6412281,6403290,6410084,6431559,6468967,6517613,6564073,6612270,6655829,6708874,6745408,6794422
MI,2423000,2450000,2477000,2505000,2534000,2579000,2626000,2693000,2722000,2771000,2832000,2916000,2997000,3101000,3183000,3263000,3353000,3451000,3499000,3591000,3723000,3872000,3942000,4063000,4214000,4331000,4451000,4589000,4665000,4795000,4834000,4798000,4780000,4780000,4798000,4838000,4889000,4968000,5056000,5156000,5315000,5472000,5549000,5405000,5467000,5475000,5874000,6076000,6213000,6332000,6407000,6497000,6650000,6822000,7066000,7285000,7467000,7569000,7667000,7767000,7834000,7893000,7933000,8058000,8187000,8357000,8512000,8630000,8696000,8781000,8881826,8974186,9028944,9077956,9117507,9117668,9129205,9171110,9217761,9266268,9255553,9209287,9115198,9047754,9049452,9076293,9127775,9187481,9217998,9253295,9310462,9395022,9470323,9529240,9584481,9659871,9739184,9785450,9820231,9863775,9952450,9991120,10015710,10041152,10055315,10051137,10036081,10001284,9946889,9901591,9876498,9875736,9884781,9898193,9909877,9922576
MN,1754000,1805000,1862000,1901000,1945000,1981000,1987000,1995000,2020000,2051000,2086000,2119000,2147000,2190000,2234000,2273000,2308000,2329000,2291000,2346000,2403000,2434000,2451000,2487000,2521000,2540000,2560000,2588000,2592000,2572000,2576000,2614000,2646000,2673000,2695000,2717000,2734000,2746000,2753000,2771000,2790000,2718000,2662000,2577000,2526000,2537000,2734000,2796000,2868000,2935000,2997000,3010000,3030000,3050000,3113000,3172000,3240000,3274000,3313000,3366000,3425000,3470000,3513000,3531000,3558000,3592000,3617000,3659000,3703000,3758000,3806103,3853486,3869747,3889332,3903925,3932515,3964680,3989364,4015341,4050316,4085017,4111728,4131450,4141456,4157706,4184302,4205212,4235136,4296166,4338057,4387283,4427429,4471503,4521709,4566028,4605445,4647723,4687726,4726411,4775508,4933692,4982796,5018935,5053572,5087713,5119598,5163555,5207203,5247018,5281203,5310418,5348036,5380615,5422060,5457173,5489594
MS,1553000,1578000,1603000,1628000,1653000,1678000,1703000,1728000,1753000,1777000,1802000,1810000,1817000,1827000,1832000,1826000,1823000,1820000,1813000,1790000,1800000,1823000,1836000,1858000,1886000,1910000,1935000,1962000,1981000,1998000,2006000,1994000,2004000,2031000,2050000,2061000,2072000,2086000,2127000,2168000,2176000,2184000,2210000,2280000,2167000,2090000,2064000,2107000,2076000,2085000,2176000,2163000,2152000,2105000,2064000,2060000,2086000,2088000,2086000,2138000,2182000,2206000,2243000,2244000,2241000,2246000,2245000,2228000,2219000,2220000,2216994,2265432,2307117,2349546,2378268,2399449,2429756,2459201,2487816,2507069,2525342,2539036,2556777,2567717,2578051,2588102,2593597,2588545,2580352,2574269,2577426,2591230,2610193,2635574,2663450,2690788,2709925,2731826,2751335,2768619,2848353,2852994,2858681,2868312,2889010,2905943,2904978,2928350,2947806,2958774,2970811,2978464,2986137,2992206,2994079,2992333
MO,3108000,3128000,3147000,3166000,3185000,3204000,3223000,3242000,3260000,3279000,3301000,3317000,3344000,3409000,3467000,3492000,3527000,3470000,3325000,3371000,3404000,3429000,3437000,3454000,3508000,3526000,3556000,3576000,3601000,3622000,3646000,3711000,3746000,3773000,3784000,3798000,3801000,3794000,3781000,3783000,3786000,3811000,3829000,3705000,3560000,3516000,3746000,3845000,3844000,3882000,3964000,4015000,3972000,4020000,4066000,4134000,4163000,4189000,4186000,4258000,4326000,4349000,4357000,4392000,4442000,4467000,4523000,4539000,4568000,4640000,4677623,4725764,4758780,4782645,4795930,4808308,4839029,4863173,4889399,4912430,4921966,4932064,4929451,4943733,4975278,5000268,5023068,5056696,5081736,5095830,5126370,5157770,5193686,5237757,5281206,5324610,5367888,5407113,5437562,5468338,5607285,5641142,5674825,5709403,5747741,5790300,5842704,5887612,5923916,5961088,5996085,6010544,6025281,6044917,6063589,6083672
MT,245000,261000,270000,282000,293000,305000,322000,332000,346000,363000,380000,397000,414000,433000,452000,469000,487000,505000,501000,534000,543000,546000,543000,538000,538000,535000,531000,527000,541000,524000,539000,540000,540000,541000,545000,550000,554000,554000,552000,555000,558000,543000,518000,485000,469000,477000,514000,531000,542000,569000,593000,596000,602000,616000,624000,636000,656000,667000,666000,669000,679000,696000,698000,703000,706000,706000,707000,701000,700000,694000,694409,710814,718732,726798,736419,748208,757317,769953,782317,787305,788752,795328,803986,814031,820905,822320,813739,805063,800202,799636,799824,807837,822436,839876,854923,868522,876656,878706,879533,882779,903773,906961,911667,919630,930009,940102,952692,964706,976415,983982,990575,997661,1005163,1014864,1023579,1032949
NE,1067000,1078000,1089000,1104000,1119000,1129000,1138000,1149000,1161000,1177000,1198000,1216000,1232000,1246000,1264000,1272000,1275000,1285000,1266000,1290000,1300000,1309000,1312000,1321000,1333000,1343000,1353000,1365000,1371000,1375000,1380000,1384000,1386000,1385000,1382000,1375000,1358000,1339000,1326000,1318000,1316000,1272000,1239000,1241000,1216000,1211000,1256000,1265000,1265000,1302000,1327000,1316000,1311000,1318000,1340000,1374000,1397000,1394000,1383000,1397000,1417000,1446000,1464000,1476000,1482000,1471000,1456000,1457000,1467000,1474000,1485333,1504604,1519013,1529567,1539191,1543117,1550911,1556842,1563884,1567344,1572296,1578515,1581780,1584293,1588639,1584664,1574333,1566547,1571477,1574864,1580664,1590805,1602406,1612149,1621551,1635142,1647657,1656042,1660772,1666028,1713820,1719836,1728292,1738643,1749370,1761497,1772693,1783440,1796378,1812683,1829865,1842232,1855487,1868969,1881503,1896190
NV,43000,45000,49000,52000,56000,59000,64000,68000,73000,78000,82000,81000,81000,82000,83000,82000,82000,81000,77000,77000,78000,80000,81000,82000,84000,85000,87000,88000,89000,90000,92000,94000,96000,96000,98000,100000,101000,103000,105000,107000,113000,120000,137000,151000,153000,149000,143000,149000,156000,157000,162000,168000,181000,195000,213000,237000,250000,260000,269000,279000,291000,315000,352000,397000,426000,444000,446000,449000,464000,480000,488738,520018,546789,568991,596822,619972,646975,678333,719436,765367,810215,847655,881537,901977,924922,951030,980613,1023376,1075022,1137382,1218629,1285046,1330694,1380197,1456388,1525777,1596476,1675581,1743772,1809253,2018741,2098399,2173791,2248850,2346222,2432143,2522658,2601072,2653630,2684665,2703493,2718586,2755245,2791494,2839099,2890845
NH,412000,412000,409000,394000,407000,423000,415000,423000,428000,431000,431000,432000,434000,439000,442000,443000,445000,447000,440000,443000,444000,449000,451000,453000,457000,459000,463000,466000,468000,467000,466000,470000,474000,477000,480000,481000,481000,481000,485000,490000,492000,490000,481000,462000,456000,459000,494000,507000,520000,533000,532000,529000,535000,547000,554000,557000,566000,572000,581000,596000,609000,618000,632000,649000,663000,676000,681000,697000,709000,724000,737681,761851,781107,800951,815914,828555,845248,869763,891520,909074,924250,936621,947719,958134,976864,996753,1025053,1054289,1082577,1104522,1111831,1107055,1112766,1122191,1133054,1145604,1160768,1173239,1185823,1201134,1239882,1255517,1269089,1279840,1290121,1298492,1308389,1312540,1315906,1316102,1316517,1318109,1321297,1322616,1326813,1330608
NJ,1884000,1889000,1917000,1969000,2050000,2151000,2239000,2314000,2403000,2487000,2550000,2610000,2670000,2729000,2789000,2850000,2918000,2976000,3043000,3136000,3198000,3297000,3380000,3472000,3573000,3664000,3758000,3891000,3968000,3989000,4068000,4120000,4120000,4107000,4089000,4085000,4084000,4088000,4100000,4129000,4175000,4254000,4297000,4226000,4158000,4108000,4492000,4618000,4774000,4889000,4872000,5006000,5125000,5229000,5360000,5502000,5615000,5737000,5890000,6015000,6103000,6265000,6376000,6531000,6660000,6767000,6851000,6928000,7005000,7095000,7171112,7281107,7335042,7333083,7332411,7337765,7339745,7337169,7350804,7366512,7376330,7407472,7430968,7467785,7515473,7565528,7622159,7670742,7712333,7726089,7757158,7784269,7827770,7874891,7918796,7965523,8009624,8054178,8095542,8143412,8430621,8492671,8552643,8601402,8634561,8651974,8661679,8677885,8711090,8755602,8803580,8842614,8876000,8911502,8938175,8958013
NM,196000,206000,218000,229000,242000,255000,269000,283000,298000,314000,329000,334000,338000,344000,348000,351000,354000,361000,382000,362000,363000,370000,375000,382000,390000,396000,403000,410000,416000,420000,427000,436000,441000,449000,461000,475000,489000,503000,513000,523000,531000,506000,502000,534000,527000,537000,561000,582000,604000,644000,689000,717000,735000,756000,763000,785000,806000,847000,886000,919000,954000,965000,979000,989000,1006000,1012000,1007000,1000000,994000,1011000,1017055,1053737,1078697,1105529,1131309,1159944,1189295,1215720,1238034,1284722,1309400,1332748,1363823,1394361,1416717,1438361,1462729,1478520,1490337,1503901,1519933,1547115,1580750,1614937,1653329,1682417,1706151,1722939,1733535,1739844,1821204,1831690,1855309,1877574,1903808,1932274,1962137,1990070,2010662,2036802,2064950,2078407,2084594,2086895,2085572,2085109
NY,7283000,7449000,7612000,7771000,7927000,8084000,8289000,8499000,8714000,8935000,9137000,9249000,9361000,9473000,9585000,9700000,9848000,9993000,9936000,10252000,10282000,10416000,10589000,10752000,10953000,11186000,11257000,11174000,11599000,12171000,12647000,12848000,13001000,13126000,13253000,13375000,13481000,13511000,13512000,13523000,13456000,13267000,13002000,12807000,12628000,12495000,13398000,13982000,14497000,14892000,14865000,14890000,15192000,15527000,15814000,15966000,16112000,16374000,16601000,16685000,16838000,17061000,17301000,17461000,17589000,17734000,17843000,17935000,18051000,18105000,18241391,18357982,18339400,18177063,18049775,18003485,17940541,17812602,17680589,17583838,17566754,17567734,17589738,17686905,17745684,17791672,17833419,17868848,17941309,17983086,18002855,18029532,18082032,18140894,18156652,18150928,18143805,18143184,18159175,18196601,19001780,19082838,19137800,19175939,19171567,19132610,19104631,19132335,19212436,19307066,19400867,19521745,19607140,19695680,19746227,19795791
NC,1897000,1926000,1956000,1986000,2017000,2051000,2077000,2105000,2142000,2174000,2221000,2276000,2313000,2362000,2421000,2473000,2513000,2546000,2522000,2535000,2588000,2651000,2700000,2761000,2830000,2895000,2959000,3027000,3082000,3133000,3167000,3184000,3227000,3268000,3304000,3323000,3346000,3385000,3440000,3514000,3574000,3589000,3569000,3654000,3560000,3533000,3706000,3769000,3837000,3911000,4068000,4120000,4109000,4120000,4131000,4242000,4309000,4368000,4376000,4458000,4573000,4663000,4707000,4742000,4802000,4863000,4896000,4952000,5004000,5031000,5084411,5203531,5301150,5389852,5470911,5547188,5607964,5685607,5759492,5823491,5898980,5956653,6019101,6077056,6164006,6253954,6321578,6403700,6480594,6565459,6656987,6748135,6831850,6947412,7060959,7185403,7307658,7428672,7545828,7650789,8081614,8210122,8326201,8422501,8553152,8705407,8917270,9118037,9309449,9449566,9559488,9651502,9748181,9848917,9943964,10042802
ND,321000,346000,371000,396000,421000,446000,474000,501000,528000,555000,580000,584000,603000,609000,620000,641000,652000,661000,636000,648000,646000,646000,647000,648000,642000,643000,651000,657000,665000,674000,682000,680000,676000,674000,672000,670000,664000,655000,647000,644000,640000,615000,583000,546000,534000,546000,570000,578000,580000,597000,619000,604000,608000,609000,611000,615000,613000,612000,606000,618000,634000,641000,637000,644000,649000,649000,647000,626000,621000,621000,617792,626760,631119,632675,634559,638886,645797,649769,651301,652896,654380,659505,668972,676688,680497,676980,669512,661136,655331,646351,637364,634199,635427,637229,639762,641548,642858,640945,637808,633666,642023,639062,638168,638817,644705,646089,649422,652822,657569,664968,674345,685242,701705,723857,739482,756927
OH,4161000,4216000,4322000,4386000,4458000,4530000,4587000,4630000,4677000,4701000,4786000,4821000,4893000,4997000,5109000,5251000,5366000,5510000,5547000,5683000,5799000,5921000,6054000,6183000,6319000,6434000,6504000,6577000,6608000,6626000,6662000,6694000,6717000,6740000,6751000,6787000,6801000,6809000,6837000,6886000,6929000,6958000,6969000,6868000,6918000,6916000,7512000,7705000,7876000,7973000,7980000,8061000,8275000,8591000,8873000,9017000,9207000,9410000,9599000,9671000,9734000,9854000,9929000,9986000,10080000,10201000,10330000,10414000,10516000,10563000,10657423,10734818,10746993,10767314,10765759,10770425,10752662,10771394,10795581,10798298,10800650,10788330,10757087,10737632,10737746,10734926,10730268,10760090,10798552,10829217,10861837,10933683,11007609,11070385,11111451,11155493,11187032,11212498,11237752,11256654,11363543,11387404,11407889,11434788,11452251,11463320,11481213,11500468,11515391,11528896,11540070,11544757,11550901,11572005,11594163,11613423
OK,800000,916000,1027000,1118000,1200000,1277000,1349000,1414000,1498000,1585000,1671000,1714000,1737000,1777000,1824000,1860000,1907000,1960000,1969000,2003000,2055000,2108000,2140000,2159000,2179000,2216000,2256000,2306000,2344000,2372000,2401000,2403000,2394000,2392000,2391000,2386000,2365000,2334000,2324000,2333000,2325000,2262000,2215000,2205000,2043000,2028000,2128000,2133000,2089000,2105000,2229000,2210000,2219000,2182000,2209000,2250000,2273000,2282000,2267000,2289000,2336000,2380000,2427000,2439000,2446000,2440000,2454000,2489000,2503000,2535000,2559463,2618601,2658646,2695931,2734768,2774683,2826815,2870014,2917336,2975310,3040758,3096164,3206123,3290402,3285533,3271332,3252735,3210122,3167057,3150307,3147105,3166471,3204174,3228829,3246119,3265547,3289634,3314259,3339478,3358044,3454365,3467100,3489080,3504892,3525233,3548597,3594090,3634349,3668976,3717572,3759481,3786527,3817059,3853118,3878051,3911338
OR,415000,434000,454000,479000,504000,530000,555000,580000,610000,643000,677000,692000,706000,722000,736000,745000,756000,763000,763000,774000,788000,798000,814000,833000,856000,883000,905000,925000,936000,947000,956000,966000,972000,978000,985000,1001000,1025000,1048000,1067000,1081000,1086000,1071000,1107000,1221000,1233000,1250000,1338000,1361000,1405000,1431000,1532000,1556000,1582000,1601000,1626000,1659000,1698000,1712000,1718000,1746000,1772000,1787000,1818000,1853000,1888000,1937000,1969000,1979000,2004000,2062000,2091533,2151022,2197297,2241932,2285013,2329661,2378262,2446673,2518298,2588012,2641218,2667982,2664922,2653066,2666588,2672652,2683528,2700991,2741297,2790575,2858547,2918745,2973934,3034490,3087142,3141421,3195087,3243254,3282055,3316154,3429708,3467937,3513424,3547376,3569463,3613202,3670883,3722417,3768748,3808600,3837083,3867644,3898684,3928068,3970239,4028977
PA,6313000,6439000,6567000,6699000,6833000,6970000,7110000,7253000,7398000,7546000,7706000,7850000,7986000,8139000,8276000,8362000,8463000,8578000,8524000,8643000,8740000,8900000,8982000,9148000,9383000,9478000,9594000,9745000,9802000,9723000,9649000,9707000,9764000,9784000,9795000,9774000,9767000,9790000,9952000,9901000,9896000,9911000,9704000,9444000,9214000,9143000,9866000,10196000,10287000,10390000,10507000,10461000,10503000,10662000,10817000,10939000,10972000,10954000,11058000,11234000,11329000,11392000,11355000,11424000,11519000,11620000,11664000,11681000,11741000,11741000,11800766,11886400,11908233,11890527,11870884,11906095,11897378,11893591,11879396,11887975,11868305,11858567,11845146,11837723,11815172,11770862,11782752,11810866,11845752,11865996,11895604,11943160,11980819,12022128,12042545,12044780,12038008,12015888,12002329,11994016,12284173,12298970,12331031,12374658,12410722,12449990,12510809,12563937,12612285,12666858,12711077,12743995,12770043,12781296,12787209,12802503
RI,430000,441000,450000,460000,471000,481000,492000,505000,519000,532000,545000,556000,567000,578000,589000,597000,598000,606000,604000,603000,613000,629000,644000,656000,669000,680000,681000,677000,678000,684000,686000,681000,677000,675000,675000,678000,686000,694000,694000,701000,719000,731000,748000,760000,795000,776000,770000,776000,787000,801000,786000,784000,802000,815000,816000,823000,840000,851000,858000,857000,855000,858000,871000,876000,885000,893000,899000,909000,922000,932000,949723,963107,974790,975738,950615,942788,946089,950230,951816,950382,948773,953013,954170,956382,961894,968955,977341,989604,996408,1000666,1004649,1003990,1000571,997852,993412,989203,987858,986966,987704,990819,1050268,1057142,1065995,1071342,1074579,1067916,1063096,1057315,1055003,1053646,1053078,1052020,1052637,1053354,1055173,1056298
SC,1342000,1361000,1379000,1397000,1415000,1433000,1451000,1468000,1485000,1502000,1523000,1548000,1572000,1599000,1622000,1635000,1650000,1675000,1746000,1687000,1685000,1693000,1692000,1699000,1710000,1718000,1726000,1736000,1739000,1739000,1745000,1753000,1748000,1752000,1760000,1769000,1781000,1802000,1834000,1872000,1902000,1962000,2007000,1967000,1943000,1934000,1936000,1992000,1996000,2029000,2113000,2167000,2178000,2181000,2176000,2200000,2229000,2274000,2304000,2348000,2392000,2409000,2423000,2460000,2475000,2494000,2520000,2533000,2559000,2570000,2590713,2662269,2719197,2776605,2844749,2902028,2943657,2991681,3044364,3090267,3134502,3179255,3207614,3234066,3271868,3303209,3342758,3380506,3412096,3456775,3499064,3559470,3600576,3634507,3666456,3699943,3738974,3790066,3839578,3885736,4024223,4064995,4107795,4150297,4210921,4270150,4357847,4444110,4528996,4589872,4636290,4673054,4722621,4771929,4832482,4896146
SD,403000,418000,431000,437000,452000,461000,477000,498000,527000,553000,590000,602000,592000,584000,581000,585000,595000,599000,570000,606000,640000,652000,660000,669000,673000,682000,683000,682000,685000,690000,693000,694000,692000,690000,682000,674000,666000,656000,649000,645000,641000,613000,589000,587000,565000,579000,588000,601000,612000,631000,655000,655000,651000,648000,655000,663000,670000,666000,656000,667000,683000,693000,705000,708000,701000,692000,683000,671000,669000,668000,666257,671297,677234,678715,679585,681042,686390,688480,688580,688335,690851,689584,690597,693008,697249,698402,696034,696036,698165,696701,696667,701445,708698,716258,723038,728251,730699,730855,730789,733133,755844,757972,760020,763729,770396,775493,783033,791623,799124,807067,816192,824171,834504,845510,853175,858469
TN,2023000,2041000,2060000,2082000,2086000,2111000,2136000,2136000,2164000,2177000,2191000,2197000,2218000,2257000,2289000,2294000,2304000,2331000,2288000,2305000,2329000,2369000,2424000,2463000,2502000,2531000,2553000,2608000,2624000,2604000,2619000,2657000,2711000,2747000,2784000,2798000,2791000,2795000,2821000,2874000,2935000,2973000,2939000,2972000,2868000,2878000,3074000,3166000,3216000,3236000,3315000,3372000,3352000,3319000,3359000,3415000,3415000,3434000,3471000,3522000,3575000,3622000,3673000,3718000,3771000,3798000,3822000,3859000,3878000,3897000,3926018,4013608,4094611,4147401,4213509,4275566,4346928,4422921,4486314,4560473,4600252,4627658,4646041,4659749,4686737,4715296,4738708,4782927,4822437,4854444,4890626,4946886,5013999,5085666,5163016,5241168,5313576,5378433,5432679,5483535,5703719,5750789,5795918,5847812,5910809,5991057,6088766,6175727,6247411,6306019,6356628,6398389,6455177,6497269,6549352,6600299
TX,3055000,3132000,3210000,3291000,3374000,3459000,3546000,3636000,3727000,3821000,3922000,4016000,4107000,4207000,4300000,4368000,4444000,4563000,4666000,4631000,4723000,4853000,4955000,5077000,5210000,5332000,5453000,5577000,5675000,5762000,5844000,5907000,5961000,6014000,6053000,6123000,6192000,6250000,6301000,6360000,6425000,6585000,6711000,7012000,6876000,6826000,7197000,7388000,7626000,7623000,7776000,8111000,8314000,8336000,8382000,8660000,8830000,9070000,9252000,9405000,9624000,9820000,10053000,10159000,10270000,10378000,10492000,10599000,10819000,11045000,11198655,11509848,11759148,12019543,12268629,12568843,12904089,13193050,13500429,13888371,14338208,14746318,15331415,15751676,16007086,16272734,16561113,16621791,16667022,16806735,17044714,17339904,17650479,17996764,18338319,18679706,19006240,19355427,19712389,20044141,20944499,21319622,21690325,22030931,22394023,22778123,23359580,23831983,24309039,24801761,25245717,25657477,26094422,26505637,26956958,27469114
UT,277000,284000,292000,299000,308000,316000,327000,339000,351000,363000,377000,387000,399000,410000,422000,430000,436000,444000,437000,446000,453000,457000,467000,474000,481000,487000,494000,500000,504000,508000,509000,513000,517000,520000,522000,526000,527000,529000,535000,543000,552000,551000,575000,631000,605000,591000,638000,636000,653000,671000,696000,706000,724000,739000,750000,783000,809000,826000,845000,870000,900000,936000,958000,974000,978000,994000,1009000,1019000,1029000,1047000,1059273,1101192,1135449,1170040,1200471,1236030,1274928,1319512,1367510,1420238,1472595,1515471,1558314,1594943,1622342,1642910,1662834,1678119,1689372,1705864,1729722,1771941,1821498,1875993,1930436,1976774,2022253,2065397,2100562,2129836,2244502,2283715,2324815,2360137,2401580,2457719,2525507,2597746,2663029,2723421,2774346,2815324,2855194,2902787,2942902,2995919
VT,344000,347000,349000,350000,353000,354000,355000,355000,354000,356000,357000,358000,359000,361000,362000,360000,360000,372000,352000,352000,353000,355000,354000,354000,355000,355000,356000,357000,358000,359000,360000,359000,358000,357000,357000,357000,357000,356000,356000,358000,363000,348000,343000,327000,314000,315000,342000,354000,359000,369000,379000,378000,375000,379000,377000,375000,377000,376000,380000,387000,389000,390000,393000,397000,399000,404000,413000,423000,430000,437000,444732,454318,463143,468430,473002,479713,484928,491931,498109,505372,512524,515594,519109,523302,526660,530035,534066,540267,549763,557707,564526,567141,570115,574004,578900,582827,586352,588665,590579,593740,609618,612223,615442,617858,619920,621215,622892,623481,624151,624817,625792,626450,626138,626855,626562,626042
VA,1858000,1887000,1894000,1890000,1889000,1917000,1942000,1952000,1994000,2038000,2071000,2092000,2122000,2176000,2241000,2294000,2316000,2313000,2359000,2318000,2347000,2395000,2412000,2423000,2426000,2423000,2419000,2433000,2435000,2425000,2427000,2445000,2452000,2460000,2485000,2520000,2552000,2590000,2638000,2670000,2720000,2855000,3038000,3130000,3248000,3193000,3212000,3201000,3207000,3292000,3315000,3434000,3504000,3557000,3555000,3588000,3722000,3844000,3914000,3951000,3986000,4095000,4180000,4276000,4357000,4411000,4456000,4508000,4558000,4614000,4651448,4750838,4824472,4901292,4971069,5047395,5121863,5193112,5270240,5307945,5368334,5444097,5492783,5564657,5643870,5715153,5811700,5932268,6036909,6120246,6213526,6283853,6383315,6464795,6536771,6601392,6665491,6732878,6789225,6872912,7105817,7198362,7286873,7366977,7475575,7577105,7673725,7751000,7833496,7925937,8025376,8110188,8193422,8270345,8326289,8382993
WA,523000,583000,651000,719000,782000,842000,904000,967000,1028000,1091000,1148000,1167000,1184000,1209000,1231000,1239000,1255000,1287000,1341000,1333000,1373000,1405000,1415000,1433000,1467000,1494000,1516000,1538000,1551000,1555000,1568000,1581000,1584000,1592000,1610000,1629000,1653000,1681000,1698000,1715000,1740000,1789000,1901000,2027000,2092000,2206000,2288000,2211000,2255000,2294000,2387000,2424000,2448000,2466000,2516000,2604000,2668000,2724000,2773000,2821000,2855000,2882000,2942000,2955000,2961000,2967000,3057000,3174000,3270000,3343000,3413244,3447553,3447885,3478782,3549946,3621339,3693610,3776050,3889073,4017632,4154678,4235731,4276552,4300266,4343656,4400098,4452720,4531901,4639893,4746316,4900780,5013443,5139011,5247704,5334896,5431024,5509963,5604105,5687832,5756361,5910512,5985722,6052349,6104115,6178645,6257305,6370753,6461587,6562231,6667426,6741911,6822112,6896325,6973742,7061530,7170351
WV,959000,972000,1000000,1037000,1064000,1094000,1122000,1149000,1174000,1203000,1231000,1266000,1291000,1317000,1362000,1387000,1414000,1439000,1438000,1464000,1470000,1485000,1498000,1526000,1577000,1593000,1623000,1671000,1696000,1717000,1733000,1740000,1747000,1752000,1771000,1794000,1808000,1813000,1828000,1868000,1907000,1885000,1831000,1741000,1706000,1708000,1826000,1883000,1899000,1930000,2006000,1984000,1957000,1929000,1905000,1880000,1857000,1843000,1845000,1855000,1853000,1828000,1809000,1796000,1797000,1786000,1775000,1769000,1763000,1746000,1744237,1770657,1797648,1806360,1815447,1842250,1879503,1908088,1923395,1942146,1951349,1954124,1949604,1945061,1927697,1906831,1882350,1857585,1830215,1806568,1792481,1798212,1805462,1816179,1818490,1820560,1818983,1815588,1811688,1806928,1807021,1801481,1805414,1812295,1816438,1820492,1827912,1834052,1840310,1847775,1854176,1854982,1856313,1853595,1850326,1844128
WI,2072000,2109000,2141000,2171000,2202000,2231000,2250000,2268000,2292000,2317000,2345000,2369000,2407000,2438000,2490000,2535000,2562000,2587000,2597000,2600000,2679000,2722000,2761000,2803000,2833000,2863000,2892000,2916000,2923000,2934000,2950000,2990000,3021000,3040000,3054000,3070000,3082000,3088000,3098000,3121000,3143000,3140000,3053000,3014000,2980000,2961000,3167000,3250000,3314000,3391000,3438000,3439000,3469000,3506000,3608000,3679000,3742000,3791000,3843000,3891000,3962000,4009000,4049000,4112000,4165000,4232000,4274000,4303000,4345000,4378000,4417821,4462155,4502412,4524244,4545782,4578986,4595904,4626514,4646108,4682811,4712045,4726343,4728870,4721438,4735563,4747767,4755618,4777919,4822388,4856574,4902265,4952675,5004636,5055318,5095504,5137004,5173828,5200235,5222124,5250446,5373999,5406835,5445162,5479203,5514026,5546166,5577655,5610775,5640996,5669264,5689268,5708785,5724888,5742953,5757564,5771337
WY,93000,100000,105000,108000,111000,114000,118000,125000,133000,141000,147000,150000,153000,157000,163000,167000,174000,186000,181000,191000,197000,203000,208000,211000,215000,216000,217000,219000,220000,223000,226000,229000,230000,230000,233000,237000,240000,243000,246000,248000,250000,247000,251000,247000,242000,239000,254000,258000,269000,277000,290000,291000,293000,290000,293000,307000,312000,314000,315000,320000,331000,337000,333000,336000,339000,332000,323000,322000,324000,329000,332416,340285,347345,354061,365501,381695,396952,413354,432880,454378,474185,491712,506400,510345,504896,499695,495633,476965,465101,458374,453401,457739,463491,469033,474982,478447,480085,480031,480045,479602,494300,494657,500017,503453,509106,514157,522667,534876,546043,559851,564358,567631,576893,583223,584153,586107
DC,278000,285000,290000,295000,302000,308000,313000,317000,321000,327000,334000,344000,340000,358000,368000,361000,360000,385000,418000,445000,440000,446000,450000,453000,456000,461000,469000,476000,479000,483000,488000,504000,513000,529000,568000,608000,629000,616000,638000,658000,690000,764000,851000,900000,881000,876000,899000,888000,840000,807000,806000,808000,805000,810000,791000,785000,759000,763000,757000,761000,765000,778000,788000,798000,798000,797000,791000,791000,778000,762000,756668,749781,742241,731488,717947,706871,692295,677228,665052,650016,638284,636893,634174,632433,633382,634549,638269,636930,630432,624168,603814,593239,584183,576358,564982,551273,538273,528752,521426,519000,572046,574504,573158,568502,567754,567136,570681,574404,580236,592228,605210,620427,635040,649111,658893,672228
